Nombre Compania,Codigo,Nombres Completos,Fecha Ingreso,Rfc,Sexo,Fecha Nacimiento,Ciudad,Desc Puesto,Cjto Area Del Negocio,Desc Tipo Empleado,Estado Civil,Anios Antiguedad,Edad,Estatus,Antiguedad,Cve Decimo Cuarto Sueldo, Sueldo Actual ,Fecha baja,Motivo Baja
UCG S.A.,1,NOMBRES COMPLETOS 01,01/04/2007,10000066,MASCULINO,01/01/1970,GUAYAQUIL,PROMOTOR                                ,ESTACION DE SERVICIO,NOMINA DE PLANTA,SOLTERO,2,48,ACTIVO,02 Ańos 02 Meses 07 Dias ,COSTA     ,240,,
UCG S.A.,2,NOMBRES COMPLETOS 02,18/12/2010,20000088,MASCULINO,07/11/1969,GUAYAQUIL,CAPACITADOR                             ,ESTACION DE SERVICIO,NOMINA DE PLANTA,SOLTERO,7,49,BAJA,07 Ańos 03 Meses 22 Dias ,COSTA     ,495,16/06/2011,Renuncia voluntaria
UCG S.A.,3,NOMBRES COMPLETOS 03,18/05/2007,30000060,MASCULINO,21/06/1973,QUITO,CAPACITADOR                             ,ESTACION DE SERVICIO,NOMINA DE PLANTA,SOLTERO,4,45,BAJA,04 Ańos 00 Meses 12 Dias ,SIERRA    ,450,14/11/2007,Terminación de contrato
UCG S.A.,4,NOMBRES COMPLETOS 04,16/10/2007,40000061,MASCULINO,07/08/1977,GUAYAQUIL,PROMOTOR                                ,ESTACION DE SERVICIO,NOMINA DE PLANTA,SOLTERO,2,41,ACTIVO,02 Ańos 03 Meses 12 Dias ,COSTA     ,240,,
UCG S.A.,5,NOMBRES COMPLETOS 05,16/03/2008,50000046,MASCULINO,15/02/1974,GUAYAQUIL,PROMOTOR                                ,ESTACION DE SERVICIO,NOMINA DE PLANTA,SOLTERO,1,44,ACTIVO,01 Ańos 03 Meses 22 Dias ,COSTA     ,222.87,,
UCG S.A.,6,NOMBRES COMPLETOS 06,16/01/2009,60000034,MASCULINO,05/06/1972,GUAYAQUIL,PROMOTOR                                ,ESTACION DE SERVICIO,NOMINA DE PLANTA,SOLTERO,8,46,ACTIVO,08 Ańos 02 Meses 26 Dias ,COSTA     ,371.02,,
UCG S.A.,7,NOMBRES COMPLETOS 07,16/01/2009,70000051,MASCULINO,30/09/1971,GUAYAQUIL,PROMOTOR                                ,ESTACION DE SERVICIO,NOMINA DE PLANTA,SOLTERO,3,47,ACTIVO,03 Ańos 03 Meses 09 Dias ,COSTA     ,240,,
UCG S.A.,8,NOMBRES COMPLETOS 08,16/11/2009,80000037,MASCULINO,16/09/1985,GUAYAQUIL,PROMOTOR                                ,ESTACION DE SERVICIO,NOMINA DE PLANTA,SOLTERO,10,33,ACTIVO,10 Ańos 03 Meses 25 Dias ,COSTA     ,390.71,,
UCG S.A.,9,NOMBRES COMPLETOS 09,16/12/2010,90000065,MASCULINO,14/02/1968,GUAYAQUIL,PROMOTOR                                ,ESTACION DE SERVICIO,NOMINA DE PLANTA,SOLTERO,4,50,ACTIVO,04 Ańos 00 Meses 25 Dias ,COSTA     ,240,,
UCG S.A.,10,NOMBRES COMPLETOS 10,16/04/2009,100000007,MASCULINO,22/09/1968,GUAYAQUIL,CAJERO DE TIENDA                        ,ESTACION DE SERVICIO,NOMINA DE PLANTA,SOLTERO,0,50,ACTIVO,00 Ańos 08 Meses 06 Dias ,COSTA     ,211.11,,
UCG S.A.,11,NOMBRES COMPLETOS 11,16/05/2009,110000066,FEMENINO,14/02/1977,GUAYAQUIL,CONTADOR,ESTACION DE SERVICIO,NOMINA DE PLANTA,SOLTERO,0,41,ACTIVO,00 Ańos 02 Meses 24 Dias ,COSTA     ,275.29,,
UCG S.A.,12,NOMBRES COMPLETOS 12,16/03/2007,120000005,FEMENINO,10/05/1985,GUAYAQUIL,CAJERO DE TIENDA                        ,ESTACION DE SERVICIO,NOMINA DE PLANTA,SOLTERO,3,33,ACTIVO,03 Ańos 00 Meses 14 Dias ,COSTA     ,240,,
UCG S.A.,13,NOMBRES COMPLETOS 13,16/09/2009,130000092,FEMENINO,25/10/1974,GUAYAQUIL,CAJERO DE TIENDA                        ,ESTACION DE SERVICIO,NOMINA DE PLANTA,SOLTERO,0,44,ACTIVO,00 Ańos 11 Meses 30 Dias ,COSTA     ,225.74,,
UCG S.A.,14,NOMBRES COMPLETOS 14,16/04/2007,140000038,FEMENINO,08/01/1978,GUAYAQUIL,SOPORTE OPERATIVO DE TIENDAS,ESTACION DE SERVICIO,NOMINA DE PLANTA,SOLTERO,10,40,ACTIVO,10 Ańos 03 Meses 25 Dias ,COSTA     ,488,,
UCG S.A.,15,NOMBRES COMPLETOS 15,16/11/2010,150000052,MASCULINO,12/06/1979,GUAYAQUIL,ADMINISTRADOR,ESTACION DE SERVICIO,NOMINA DE PLANTA,SOLTERO,9,39,ACTIVO,09 Ańos 03 Meses 24 Dias ,COSTA     ,787,,
UCG S.A.,16,NOMBRES COMPLETOS 16,16/09/2010,160000069,MASCULINO,24/09/1974,GUAYAQUIL,PROMOTOR                                ,ESTACION DE SERVICIO,NOMINA DE PLANTA,SOLTERO,10,44,ACTIVO,10 Ańos 03 Meses 25 Dias ,COSTA     ,390.71,,
UCG S.A.,17,NOMBRES COMPLETOS 17,16/09/2007,170000071,MASCULINO,10/11/1977,GUAYAQUIL,PROMOTOR                                ,ESTACION DE SERVICIO,NOMINA DE PLANTA,SOLTERO,5,41,ACTIVO,05 Ańos 00 Meses 19 Dias ,COSTA     ,260,,
UCG S.A.,18,NOMBRES COMPLETOS 18,16/03/2010,180000028,MASCULINO,05/09/1963,GUAYAQUIL,PROMOTOR                                ,ESTACION DE SERVICIO,NOMINA DE PLANTA,SOLTERO,10,55,ACTIVO,10 Ańos 03 Meses 25 Dias ,COSTA     ,390.71,,
UCG S.A.,19,NOMBRES COMPLETOS 19,16/04/2007,190000000,MASCULINO,07/03/1972,GUAYAQUIL,PROMOTOR                                ,ESTACION DE SERVICIO,NOMINA DE PLANTA,SOLTERO,10,46,ACTIVO,10 Ańos 03 Meses 25 Dias ,COSTA     ,390.71,,
UCG S.A.,20,NOMBRES COMPLETOS 20,16/11/2010,200000010,MASCULINO,29/05/1974,GUAYAQUIL,PROMOTOR                                ,ESTACION DE SERVICIO,NOMINA DE PLANTA,SOLTERO,10,44,ACTIVO,10 Ańos 03 Meses 25 Dias ,COSTA     ,396.49,,
UCG S.A.,21,NOMBRES COMPLETOS 21,16/04/2007,210000073,MASCULINO,19/08/1965,GUAYAQUIL,PROMOTOR                                ,ESTACION DE SERVICIO,NOMINA DE PLANTA,SOLTERO,7,53,ACTIVO,07 Ańos 01 Meses 16 Dias ,COSTA     ,358.85,,
UCG S.A.,22,NOMBRES COMPLETOS 22,16/10/2009,220000016,MASCULINO,11/02/1964,GUAYAQUIL,PROMOTOR                                ,ESTACION DE SERVICIO,NOMINA DE PLANTA,SOLTERO,2,54,ACTIVO,02 Ańos 00 Meses 05 Dias ,COSTA     ,240,,
UCG S.A.,23,NOMBRES COMPLETOS 23,16/03/2008,230000020,MASCULINO,03/07/1978,DURAN,PROMOTOR                                ,ESTACION DE SERVICIO,NOMINA DE PLANTA,SOLTERO,10,40,ACTIVO,10 Ańos 03 Meses 25 Dias ,COSTA     ,500,,
UCG S.A.,24,NOMBRES COMPLETOS 24,16/04/2009,240000046,MASCULINO,01/11/1965,GUAYAQUIL,PROMOTOR                                ,ESTACION DE SERVICIO,NOMINA DE PLANTA,SOLTERO,8,53,ACTIVO,08 Ańos 03 Meses 13 Dias ,COSTA     ,371.02,,
UCG S.A.,25,NOMBRES COMPLETOS 25,16/12/2010,250000030,MASCULINO,14/01/1945,GUAYAQUIL,PROMOTOR                                ,ESTACION DE SERVICIO,NOMINA DE PLANTA,SOLTERO,7,73,ACTIVO,07 Ańos 06 Meses 29 Dias ,COSTA     ,358.85,,
UCG S.A.,26,NOMBRES COMPLETOS 26,16/03/2009,260000036,MASCULINO,18/09/1959,GUAYAQUIL,PROMOTOR                                ,ESTACION DE SERVICIO,NOMINA DE PLANTA,SOLTERO,0,59,ACTIVO,00 Ańos 02 Meses 29 Dias ,COSTA     ,247.94,,
UCG S.A.,27,NOMBRES COMPLETOS 27,16/08/2008,270000098,MASCULINO,09/03/1976,GUAYAQUIL,PROMOTOR                                ,ESTACION DE SERVICIO,NOMINA DE PLANTA,SOLTERO,1,42,ACTIVO,01 Ańos 03 Meses 21 Dias ,COSTA     ,247.94,,
UCG S.A.,28,NOMBRES COMPLETOS 28,16/10/2007,280000032,MASCULINO,15/06/1980,GUAYAQUIL,CAJERO DE TIENDA                        ,ESTACION DE SERVICIO,NOMINA DE PLANTA,SOLTERO,0,38,ACTIVO,00 Ańos 01 Meses 02 Dias ,COSTA     ,211.11,,
UCG S.A.,29,NOMBRES COMPLETOS 29,16/05/2008,290000094,MASCULINO,01/10/1973,GUAYAQUIL,PROMOTOR                                ,ESTACION DE SERVICIO,NOMINA DE PLANTA,SOLTERO,10,45,ACTIVO,10 Ańos 03 Meses 25 Dias ,COSTA     ,396.49,,
UCG S.A.,30,NOMBRES COMPLETOS 30,16/08/2007,300000086,MASCULINO,25/07/1978,GUAYAQUIL,GUARDIA OPERATIVO                       ,ESTACION DE SERVICIO,NOMINA DE PLANTA,SOLTERO,1,40,ACTIVO,01 Ańos 05 Meses 14 Dias ,COSTA     ,220,,
UCG S.A.,31,NOMBRES COMPLETOS 31,26/03/2010,310000083,MASCULINO,21/11/1981,GUAYAQUIL,CAJERO DE TIENDA                        ,ESTACION DE SERVICIO,NOMINA DE PLANTA,SOLTERO,5,37,BAJA,05 Ańos 01 Meses 21 Dias ,COSTA     ,420,22/09/2010,Terminación de contrato
UCG S.A.,32,NOMBRES COMPLETOS 32,22/11/2009,320000025,FEMENINO,15/10/1981,GUAYAQUIL,CAJERO DE TIENDA                        ,ESTACION DE SERVICIO,NOMINA DE PLANTA,SOLTERO,2,37,BAJA,02 Ańos 09 Meses 14 Dias ,COSTA     ,240,21/05/2010,Renuncia voluntaria
UCG S.A.,33,NOMBRES COMPLETOS 33,22/07/2010,330000080,FEMENINO,22/08/1979,GUAYAQUIL,CAJERO DE TIENDA                        ,ESTACION DE SERVICIO,NOMINA DE PLANTA,SOLTERO,2,39,BAJA,02 Ańos 09 Meses 23 Dias ,COSTA     ,350,18/01/2011,Renuncia voluntaria
UCG S.A.,34,NOMBRES COMPLETOS 34,22/09/2008,340000073,MASCULINO,01/07/1987,GUAYAQUIL,ADMINISTRADOR,ESTACION DE SERVICIO,NOMINA DE PLANTA,SOLTERO,10,31,ACTIVO,10 Ańos 02 Meses 19 Dias ,COSTA     ,756,,
UCG S.A.,35,NOMBRES COMPLETOS 35,10/08/2008,350000014,MASCULINO,24/09/1984,GUAYAQUIL,CAJERO DE TIENDA                        ,ESTACION DE SERVICIO,NOMINA DE PLANTA,SOLTERO,0,34,BAJA,00 Ańos 05 Meses 12 Dias ,COSTA     ,211.11,06/02/2009,Terminación de contrato
UCG S.A.,36,NOMBRES COMPLETOS 36,14/04/2007,360000046,MASCULINO,04/02/1969,GUAYAQUIL,PROMOTOR                                ,ESTACION DE SERVICIO,NOMINA DE PLANTA,SOLTERO,1,49,ACTIVO,01 Ańos 00 Meses 23 Dias ,COSTA     ,247.94,,
UCG S.A.,37,NOMBRES COMPLETOS 37,26/05/2009,370000018,MASCULINO,22/12/1974,GUAYAQUIL,ASISTENTE CONTABLE                      ,ESTACION DE SERVICIO,NOMINA DE PLANTA,SOLTERO,0,44,ACTIVO,00 Ańos 01 Meses 13 Dias ,COSTA     ,500,,
UCG S.A.,38,NOMBRES COMPLETOS 38,25/07/2010,380000037,FEMENINO,29/08/1985,GUAYAQUIL,ASISTENTE CONTABLE                      ,ESTACION DE SERVICIO,NOMINA DE PLANTA,SOLTERO,0,33,ACTIVO,00 Ańos 03 Meses 00 Dias ,COSTA     ,400,,
UCG S.A.,39,NOMBRES COMPLETOS 39,01/11/2009,390000069,MASCULINO,24/05/1989,GUAYAQUIL,CAJERO DE TIENDA                        ,ESTACION DE SERVICIO,NOMINA DE PLANTA,SOLTERO,0,29,BAJA,00 Ańos 04 Meses 15 Dias ,COSTA     ,222.87,30/04/2010,Renuncia voluntaria
UCG S.A.,40,NOMBRES COMPLETOS 40,07/09/2008,400000099,MASCULINO,24/05/1989,GUAYAQUIL,CAJERO DE TIENDA                        ,ESTACION DE SERVICIO,NOMINA DE PLANTA,SOLTERO,0,29,BAJA,00 Ańos 09 Meses 16 Dias ,COSTA     ,222.87,06/03/2009,Terminación de contrato
UCG S.A.,41,NOMBRES COMPLETOS 41,29/01/2009,410000025,FEMENINO,12/12/1976,GUAYAQUIL,CAJERO DE TIENDA                        ,ESTACION DE SERVICIO,NOMINA DE PLANTA,SOLTERO,4,42,BAJA,04 Ańos 10 Meses 04 Dias ,COSTA     ,240,28/07/2009,Renuncia voluntaria
UCG S.A.,42,NOMBRES COMPLETOS 42,29/03/2008,420000047,FEMENINO,22/06/1985,GUAYAQUIL,CAJERO DE TIENDA                        ,ESTACION DE SERVICIO,NOMINA DE PLANTA,SOLTERO,0,33,BAJA,00 Ańos 00 Meses 12 Dias ,COSTA     ,211.11,25/09/2008,Terminación de contrato
UCG S.A.,43,NOMBRES COMPLETOS 43,29/04/2010,430000048,MASCULINO,09/06/1979,GUAYAQUIL,CAJERO DE TIENDA                        ,ESTACION DE SERVICIO,NOMINA DE PLANTA,SOLTERO,0,39,BAJA,00 Ańos 09 Meses 02 Dias ,COSTA     ,222.87,26/10/2010,Terminación de contrato
UCG S.A.,44,NOMBRES COMPLETOS 44,17/07/2008,440000078,MASCULINO,26/04/1982,GUAYAQUIL,CAJERO DE TIENDA                        ,ESTACION DE SERVICIO,NOMINA DE PLANTA,SOLTERO,3,36,BAJA,03 Ańos 11 Meses 14 Dias ,COSTA     ,350,13/01/2009,Renuncia voluntaria
UCG S.A.,45,NOMBRES COMPLETOS 45,15/11/2010,450000025,MASCULINO,29/10/1969,GUAYAQUIL,ADMINISTRADOR,ESTACION DE SERVICIO,NOMINA DE PLANTA,SOLTERO,1,49,ACTIVO,01 Ańos 08 Meses 01 Dias ,COSTA     ,800,,
UCG S.A.,46,NOMBRES COMPLETOS 46,15/01/2009,460000044,MASCULINO,20/12/1982,GUAYAQUIL,CAJERO DE TIENDA                        ,ESTACION DE SERVICIO,NOMINA DE PLANTA,SOLTERO,4,36,BAJA,04 Ańos 09 Meses 11 Dias ,COSTA     ,350,14/07/2009,Renuncia voluntaria
UCG S.A.,47,NOMBRES COMPLETOS 47,09/03/2010,470000083,FEMENINO,29/06/1978,GUAYAQUIL,CAJERO DE TIENDA                        ,ESTACION DE SERVICIO,NOMINA DE PLANTA,SOLTERO,2,40,BAJA,02 Ańos 00 Meses 15 Dias ,COSTA     ,240,05/09/2010,Terminación de contrato
UCG S.A.,48,NOMBRES COMPLETOS 48,18/08/2009,480000062,FEMENINO,25/09/1986,GUAYAQUIL,CAJERO DE TIENDA                        ,ESTACION DE SERVICIO,NOMINA DE PLANTA,SOLTERO,0,32,BAJA,00 Ańos 06 Meses 24 Dias ,COSTA     ,222.87,14/02/2010,Terminación de contrato
UCG S.A.,49,NOMBRES COMPLETOS 49,26/03/2010,490000078,MASCULINO,17/12/1969,GUAYAQUIL,PROMOTOR                                ,ESTACION DE SERVICIO,NOMINA DE PLANTA,SOLTERO,6,49,ACTIVO,06 Ańos 04 Meses 25 Dias ,COSTA     ,364.16,,
UCG S.A.,50,NOMBRES COMPLETOS 50,26/01/2009,500000073,MASCULINO,28/07/1983,GUAYAQUIL,ADMINISTRADOR,ESTACION DE SERVICIO,NOMINA DE PLANTA,SOLTERO,2,35,ACTIVO,02 Ańos 05 Meses 30 Dias ,COSTA     ,550,,
UCG S.A.,51,NOMBRES COMPLETOS 51,26/06/2010,510000027,FEMENINO,31/03/1983,GUAYAQUIL,PROMOTOR                                ,ESTACION DE SERVICIO,NOMINA DE PLANTA,SOLTERO,0,35,ACTIVO,00 Ańos 11 Meses 21 Dias ,COSTA     ,240,,
UCG S.A.,52,NOMBRES COMPLETOS 52,26/08/2008,520000091,FEMENINO,01/01/1970,GUAYAQUIL,ADMINISTRADOR,ESTACION DE SERVICIO,NOMINA DE PLANTA,SOLTERO,0,48,ACTIVO,00 Ańos 04 Meses 26 Dias ,COSTA     ,600,,
UCG S.A.,53,NOMBRES COMPLETOS 53,01/08/2009,530000004,FEMENINO,22/08/1984,GUAYAQUIL,PROMOTOR                                ,ESTACION DE SERVICIO,NOMINA DE PLANTA,SOLTERO,1,34,ACTIVO,01 Ańos 00 Meses 10 Dias ,COSTA     ,240,,
UCG S.A.,54,NOMBRES COMPLETOS 54,26/12/2010,540000095,FEMENINO,11/07/1984,GUAYAQUIL,ASISTENTE ADM. FACTURACION              ,ESTACION DE SERVICIO,NOMINA DE PLANTA,SOLTERO,13,34,ACTIVO,13 Ańos 08 Meses 05 Dias ,COSTA     ,677,,
UCG S.A.,55,NOMBRES COMPLETOS 55,26/06/2007,550000089,MASCULINO,14/06/1990,GUAYAQUIL,PROMOTOR                                ,ESTACION DE SERVICIO,NOMINA DE PLANTA,SOLTERO,1,28,ACTIVO,01 Ańos 01 Meses 16 Dias ,COSTA     ,240,,
UCG S.A.,56,NOMBRES COMPLETOS 56,26/07/2009,560000003,FEMENINO,01/01/1970,GUAYAQUIL,PROMOTOR                                ,ESTACION DE SERVICIO,NOMINA DE PLANTA,SOLTERO,0,48,ACTIVO,00 Ańos 06 Meses 05 Dias ,COSTA     ,222.87,,
UCG S.A.,57,NOMBRES COMPLETOS 57,26/06/2009,570000016,MASCULINO,05/05/1970,GUAYAQUIL,ADMINISTRADOR,ESTACION DE SERVICIO,NOMINA DE PLANTA,SOLTERO,1,48,ACTIVO,01 Ańos 00 Meses 09 Dias ,COSTA     ,601,,
UCG S.A.,58,NOMBRES COMPLETOS 58,19/06/2008,580000027,FEMENINO,22/07/1985,QUITO,SOPORTE OPERATIVO DE TIENDAS,ESTACION DE SERVICIO,NOMINA DE PLANTA,SOLTERO,5,33,ACTIVO,05 Ańos 11 Meses 15 Dias ,SIERRA    ,407,,
UCG S.A.,59,NOMBRES COMPLETOS 59,01/04/2009,590000083,FEMENINO,26/03/1977,GUAYAQUIL,PROMOTOR                                ,ESTACION DE SERVICIO,NOMINA DE PLANTA,SOLTERO,3,41,ACTIVO,03 Ańos 02 Meses 15 Dias ,COSTA     ,240,,
UCG S.A.,60,NOMBRES COMPLETOS 60,18/11/2010,600000044,MASCULINO,05/12/1982,QUITO,ADMINISTRADOR,ESTACION DE SERVICIO,NOMINA DE PLANTA,SOLTERO,0,36,ACTIVO,00 Ańos 08 Meses 13 Dias ,SIERRA    ,550,,
UCG S.A.,61,NOMBRES COMPLETOS 61,05/06/2007,610000054,MASCULINO,25/09/1988,GUAYAQUIL,PROMOTOR                                ,ESTACION DE SERVICIO,NOMINA DE PLANTA,SOLTERO,0,30,ACTIVO,00 Ańos 00 Meses 26 Dias ,SIERRA    ,222.87,,
UCG S.A.,62,NOMBRES COMPLETOS 62,05/11/2007,620000024,MASCULINO,10/12/1988,GUAYAQUIL,PROMOTOR                                ,ESTACION DE SERVICIO,NOMINA DE PLANTA,SOLTERO,0,30,ACTIVO,00 Ańos 03 Meses 09 Dias ,SIERRA    ,222.87,,
UCG S.A.,63,NOMBRES COMPLETOS 63,01/04/2009,630000091,MASCULINO,01/07/1982,GUAYAQUIL,PROMOTOR                                ,ESTACION DE SERVICIO,NOMINA DE PLANTA,SOLTERO,0,36,ACTIVO,00 Ańos 02 Meses 10 Dias ,COSTA     ,222.87,,
UCG S.A.,64,NOMBRES COMPLETOS 64,29/09/2010,640000073,MASCULINO,07/02/1980,GUAYAQUIL,PROMOTOR                                ,ESTACION DE SERVICIO,NOMINA DE PLANTA,SOLTERO,4,38,ACTIVO,04 Ańos 05 Meses 03 Dias ,COSTA     ,318,,
UCG S.A.,65,NOMBRES COMPLETOS 65,08/10/2010,650000019,MASCULINO,14/08/1982,GUAYAQUIL,PROMOTOR                                ,ESTACION DE SERVICIO,NOMINA DE PLANTA,SOLTERO,8,36,ACTIVO,08 Ańos 11 Meses 03 Dias ,COSTA     ,396.49,,
UCG S.A.,66,NOMBRES COMPLETOS 66,06/09/2008,660000039,MASCULINO,26/04/1971,GUAYAQUIL,CAPACITADOR                             ,ESTACION DE SERVICIO,NOMINA DE PLANTA,SOLTERO,8,47,ACTIVO,08 Ańos 10 Meses 05 Dias ,COSTA     ,543,,
UCG S.A.,67,NOMBRES COMPLETOS 67,03/06/2009,670000044,FEMENINO,15/03/1984,QUITO,ADMINISTRADOR,ESTACION DE SERVICIO,NOMINA DE PLANTA,SOLTERO,0,34,ACTIVO,00 Ańos 03 Meses 05 Dias ,SIERRA    ,550,,
UCG S.A.,68,NOMBRES COMPLETOS 68,13/03/2007,680000043,MASCULINO,18/06/1985,QUITO,PROMOTOR                                ,ESTACION DE SERVICIO,NOMINA DE PLANTA,SOLTERO,0,33,ACTIVO,00 Ańos 06 Meses 02 Dias ,SIERRA    ,260,,
UCG S.A.,69,NOMBRES COMPLETOS 69,10/10/2007,690000058,FEMENINO,16/09/1988,GUAYAQUIL,PROMOTOR                                ,ESTACION DE SERVICIO,NOMINA DE PLANTA,SOLTERO,0,30,ACTIVO,00 Ańos 06 Meses 03 Dias ,SIERRA    ,240,,
UCG S.A.,70,NOMBRES COMPLETOS 70,22/07/2010,700000065,MASCULINO,25/07/1969,GUAYAQUIL,PROMOTOR                                ,ESTACION DE SERVICIO,NOMINA DE PLANTA,SOLTERO,2,49,ACTIVO,02 Ańos 01 Meses 25 Dias ,COSTA     ,240,,
UCG S.A.,71,NOMBRES COMPLETOS 71,13/08/2010,710000089,MASCULINO,23/06/1972,GUAYAQUIL,PROMOTOR                                ,ESTACION DE SERVICIO,NOMINA DE PLANTA,SOLTERO,6,46,ACTIVO,06 Ańos 04 Meses 17 Dias ,COSTA     ,358.85,,
UCG S.A.,72,NOMBRES COMPLETOS 72,26/09/2008,720000021,FEMENINO,10/01/1976,GUAYAQUIL,PROMOTOR                                ,ESTACION DE SERVICIO,NOMINA DE PLANTA,SOLTERO,8,42,ACTIVO,08 Ańos 11 Meses 15 Dias ,COSTA     ,390.71,,
UCG S.A.,73,NOMBRES COMPLETOS 73,13/04/2008,730000071,MASCULINO,09/11/1977,GUAYAQUIL,PROMOTOR                                ,ESTACION DE SERVICIO,NOMINA DE PLANTA,SOLTERO,0,41,ACTIVO,00 Ańos 11 Meses 29 Dias ,COSTA     ,240,,
UCG S.A.,74,NOMBRES COMPLETOS 74,26/07/2010,740000030,MASCULINO,01/01/1970,GUAYAQUIL,PROMOTOR                                ,ESTACION DE SERVICIO,NOMINA DE PLANTA,SOLTERO,2,48,ACTIVO,02 Ańos 03 Meses 04 Dias ,COSTA     ,240,,
UCG S.A.,75,NOMBRES COMPLETOS 75,26/10/2010,750000033,FEMENINO,23/10/1984,GUAYAQUIL,ADMINISTRADOR,ESTACION DE SERVICIO,NOMINA DE PLANTA,SOLTERO,2,34,ACTIVO,02 Ańos 07 Meses 10 Dias ,COSTA     ,600,,
UCG S.A.,76,NOMBRES COMPLETOS 76,04/11/2009,760000094,MASCULINO,20/11/1972,GUAYAQUIL,ASISTENTE CONTABLE                      ,ESTACION DE SERVICIO,NOMINA DE PLANTA,SOLTERO,2,46,ACTIVO,02 Ańos 07 Meses 26 Dias ,COSTA     ,650,,
UCG S.A.,77,NOMBRES COMPLETOS 77,26/04/2010,770000088,FEMENINO,15/06/1981,GUAYAQUIL,ADMINISTRADOR,ESTACION DE SERVICIO,NOMINA DE PLANTA,SOLTERO,2,37,ACTIVO,02 Ańos 01 Meses 26 Dias ,COSTA     ,550,,
UCG S.A.,78,NOMBRES COMPLETOS 78,26/03/2007,780000081,MASCULINO,13/09/1987,GUAYAQUIL,PROMOTOR                                ,ESTACION DE SERVICIO,NOMINA DE PLANTA,SOLTERO,0,31,ACTIVO,00 Ańos 09 Meses 03 Dias ,COSTA     ,260,,
UCG S.A.,79,NOMBRES COMPLETOS 79,14/07/2010,790000068,FEMENINO,30/04/1974,QUITO,PROMOTOR                                ,ESTACION DE SERVICIO,NOMINA DE PLANTA,SOLTERO,0,44,ACTIVO,00 Ańos 05 Meses 30 Dias ,SIERRA    ,240,,
UCG S.A.,80,NOMBRES COMPLETOS 80,26/02/2009,800000066,MASCULINO,30/09/1984,GUAYAQUIL,PROMOTOR                                ,ESTACION DE SERVICIO,NOMINA DE PLANTA,SOLTERO,1,34,ACTIVO,01 Ańos 07 Meses 01 Dias ,COSTA     ,260,,
UCG S.A.,81,NOMBRES COMPLETOS 81,19/08/2008,810000090,FEMENINO,14/08/1974,QUITO,PROMOTOR                                ,ESTACION DE SERVICIO,NOMINA DE PLANTA,SOLTERO,4,44,ACTIVO,04 Ańos 04 Meses 13 Dias ,SIERRA    ,318,,
UCG S.A.,82,NOMBRES COMPLETOS 82,19/05/2007,820000037,MASCULINO,30/04/1975,GUAYAQUIL,PROMOTOR                                ,ESTACION DE SERVICIO,NOMINA DE PLANTA,SOLTERO,3,43,ACTIVO,03 Ańos 07 Meses 02 Dias ,SIERRA    ,260,,
UCG S.A.,83,NOMBRES COMPLETOS 83,19/01/2010,830000004,FEMENINO,10/01/1987,QUITO,PROMOTOR                                ,ESTACION DE SERVICIO,NOMINA DE PLANTA,SOLTERO,1,31,ACTIVO,01 Ańos 11 Meses 27 Dias ,SIERRA    ,240,,
UCG S.A.,84,NOMBRES COMPLETOS 84,19/08/2007,840000029,MASCULINO,29/09/1975,QUITO,ASISTENTE ADM. FACTURACION              ,ESTACION DE SERVICIO,NOMINA DE PLANTA,SOLTERO,8,43,ACTIVO,08 Ańos 11 Meses 22 Dias ,SIERRA    ,418,,
UCG S.A.,85,NOMBRES COMPLETOS 85,19/09/2007,850000093,MASCULINO,07/01/1973,QUITO,PROMOTOR                                ,ESTACION DE SERVICIO,NOMINA DE PLANTA,SOLTERO,8,45,ACTIVO,08 Ańos 11 Meses 22 Dias ,SIERRA    ,396.49,,
UCG S.A.,86,NOMBRES COMPLETOS 86,19/06/2007,860000033,FEMENINO,01/01/1970,QUITO,PROMOTOR                                ,ESTACION DE SERVICIO,NOMINA DE PLANTA,SOLTERO,0,48,ACTIVO,00 Ańos 01 Meses 12 Dias ,SIERRA    ,222.87,,
UCG S.A.,87,NOMBRES COMPLETOS 87,26/06/2009,870000081,MASCULINO,12/10/1990,GUAYAQUIL,PROMOTOR                                ,ESTACION DE SERVICIO,NOMINA DE PLANTA,SOLTERO,1,28,ACTIVO,01 Ańos 03 Meses 19 Dias ,COSTA     ,240,,
UCG S.A.,88,NOMBRES COMPLETOS 88,19/07/2009,880000060,FEMENINO,04/10/1976,QUITO,PROMOTOR                                ,ESTACION DE SERVICIO,NOMINA DE PLANTA,SOLTERO,1,42,ACTIVO,01 Ańos 09 Meses 18 Dias ,SIERRA    ,240,,
UCG S.A.,89,NOMBRES COMPLETOS 89,19/02/2009,890000039,MASCULINO,28/06/1980,QUITO,CAJERO DE TIENDA                        ,ESTACION DE SERVICIO,NOMINA DE PLANTA,SOLTERO,0,38,BAJA,00 Ańos 10 Meses 12 Dias ,SIERRA    ,350,18/08/2009,Renuncia voluntaria
UCG S.A.,90,NOMBRES COMPLETOS 90,19/09/2007,900000067,MASCULINO,30/06/1990,QUITO,PROMOTOR                                ,ESTACION DE SERVICIO,NOMINA DE PLANTA,SOLTERO,1,28,ACTIVO,01 Ańos 01 Meses 24 Dias ,SIERRA    ,240,,
UCG S.A.,91,NOMBRES COMPLETOS 91,19/02/2007,910000033,MASCULINO,01/01/1970,QUITO,PROMOTOR                                ,ESTACION DE SERVICIO,NOMINA DE PLANTA,SOLTERO,0,48,ACTIVO,00 Ańos 02 Meses 15 Dias ,SIERRA    ,222.87,,
UCG S.A.,92,NOMBRES COMPLETOS 92,19/03/2007,920000061,MASCULINO,01/01/1970,QUITO,ADMINISTRADOR,ESTACION DE SERVICIO,NOMINA DE PLANTA,SOLTERO,0,48,ACTIVO,00 Ańos 04 Meses 11 Dias ,SIERRA    ,600,,
UCG S.A.,93,NOMBRES COMPLETOS 93,19/07/2009,930000044,MASCULINO,01/01/1970,QUITO,PROMOTOR                                ,ESTACION DE SERVICIO,NOMINA DE PLANTA,SOLTERO,0,48,ACTIVO,00 Ańos 02 Meses 01 Dias ,SIERRA    ,222.87,,
UCG S.A.,94,NOMBRES COMPLETOS 94,19/07/2007,940000073,MASCULINO,10/09/1982,QUITO,ADMINISTRADOR,ESTACION DE SERVICIO,NOMINA DE PLANTA,SOLTERO,0,36,ACTIVO,00 Ańos 00 Meses 20 Dias ,SIERRA    ,500,,
UCG S.A.,95,NOMBRES COMPLETOS 95,19/07/2009,950000068,MASCULINO,19/06/1976,QUITO,PROMOTOR                                ,ESTACION DE SERVICIO,NOMINA DE PLANTA,SOLTERO,2,42,ACTIVO,02 Ańos 02 Meses 30 Dias ,SIERRA    ,240,,
UCG S.A.,96,NOMBRES COMPLETOS 96,19/01/2007,960000064,FEMENINO,27/11/1972,QUITO,PROMOTOR                                ,ESTACION DE SERVICIO,NOMINA DE PLANTA,SOLTERO,2,46,ACTIVO,02 Ańos 02 Meses 03 Dias ,SIERRA    ,260,,
UCG S.A.,97,NOMBRES COMPLETOS 97,19/08/2008,970000092,FEMENINO,26/01/1973,QUITO,PROMOTOR                                ,ESTACION DE SERVICIO,NOMINA DE PLANTA,SOLTERO,2,45,ACTIVO,02 Ańos 07 Meses 01 Dias ,SIERRA    ,240,,
UCG S.A.,98,NOMBRES COMPLETOS 98,19/12/2010,980000066,FEMENINO,01/01/1970,QUITO,PROMOTOR                                ,ESTACION DE SERVICIO,NOMINA DE PLANTA,SOLTERO,6,48,ACTIVO,06 Ańos 07 Meses 14 Dias ,SIERRA    ,376.51,,
UCG S.A.,99,NOMBRES COMPLETOS 99,19/07/2007,990000034,MASCULINO,01/01/1970,QUITO,PROMOTOR                                ,ESTACION DE SERVICIO,NOMINA DE PLANTA,SOLTERO,0,48,ACTIVO,00 Ańos 07 Meses 04 Dias ,SIERRA    ,222.87,,
UCG S.A.,100,NOMBRES COMPLETOS 100,19/10/2010,1000000034,MASCULINO,01/01/1970,QUITO,PROMOTOR                                ,ESTACION DE SERVICIO,NOMINA DE PLANTA,SOLTERO,4,48,ACTIVO,04 Ańos 09 Meses 11 Dias ,SIERRA    ,344.42,,
UCG S.A.,101,NOMBRES COMPLETOS 101,19/08/2010,1010000070,FEMENINO,01/06/1977,QUITO,PROMOTOR                                ,ESTACION DE SERVICIO,NOMINA DE PLANTA,SOLTERO,2,41,ACTIVO,02 Ańos 08 Meses 12 Dias ,SIERRA    ,260,,
UCG S.A.,102,NOMBRES COMPLETOS 102,19/01/2010,1020000052,MASCULINO,01/01/1970,QUITO,PROMOTOR                                ,ESTACION DE SERVICIO,NOMINA DE PLANTA,SOLTERO,0,48,ACTIVO,00 Ańos 00 Meses 20 Dias ,SIERRA    ,222.87,,
UCG S.A.,103,NOMBRES COMPLETOS 103,23/09/2010,1030000040,MASCULINO,04/12/1977,ESMERALDAS,PROMOTOR                                ,ESTACION DE SERVICIO,NOMINA DE PLANTA,SOLTERO,4,41,ACTIVO,04 Ańos 03 Meses 00 Dias ,COSTA     ,240,,
UCG S.A.,104,NOMBRES COMPLETOS 104,23/05/2007,1040000006,MASCULINO,19/06/1985,ESMERALDAS,PROMOTOR                                ,ESTACION DE SERVICIO,NOMINA DE PLANTA,SOLTERO,2,33,ACTIVO,02 Ańos 02 Meses 28 Dias ,COSTA     ,240,,
UCG S.A.,105,NOMBRES COMPLETOS 105,23/04/2010,1050000000,FEMENINO,02/10/1983,ESMERALDAS,PROMOTOR                                ,ESTACION DE SERVICIO,NOMINA DE PLANTA,SOLTERO,7,35,ACTIVO,07 Ańos 11 Meses 17 Dias ,COSTA     ,379.55,,
UCG S.A.,106,NOMBRES COMPLETOS 106,23/11/2009,1060000003,MASCULINO,08/07/1983,ESMERALDAS,PROMOTOR                                ,ESTACION DE SERVICIO,NOMINA DE PLANTA,SOLTERO,8,35,ACTIVO,08 Ańos 11 Meses 18 Dias ,COSTA     ,390.71,,
UCG S.A.,107,NOMBRES COMPLETOS 107,23/02/2007,1070000024,MASCULINO,27/02/1971,ESMERALDAS,PROMOTOR                                ,ESTACION DE SERVICIO,NOMINA DE PLANTA,SOLTERO,4,47,ACTIVO,04 Ańos 02 Meses 10 Dias ,COSTA     ,240,,
UCG S.A.,108,NOMBRES COMPLETOS 108,23/06/2008,1080000082,FEMENINO,10/10/1980,ESMERALDAS,PROMOTOR                                ,ESTACION DE SERVICIO,NOMINA DE PLANTA,SOLTERO,8,38,ACTIVO,08 Ańos 11 Meses 18 Dias ,COSTA     ,396.49,,
UCG S.A.,109,NOMBRES COMPLETOS 109,23/07/2009,1090000002,FEMENINO,11/05/1978,ESMERALDAS,PROMOTOR                                ,ESTACION DE SERVICIO,NOMINA DE PLANTA,SOLTERO,2,40,ACTIVO,02 Ańos 10 Meses 09 Dias ,COSTA     ,240,,
UCG S.A.,110,NOMBRES COMPLETOS 110,23/02/2010,1100000003,MASCULINO,24/12/1974,ESMERALDAS,ADMINISTRADOR,ESTACION DE SERVICIO,NOMINA DE PLANTA,SOLTERO,3,44,ACTIVO,03 Ańos 07 Meses 10 Dias ,COSTA     ,600,,
UCG S.A.,111,NOMBRES COMPLETOS 111,23/11/2009,1110000010,MASCULINO,03/09/1986,ESMERALDAS,PROMOTOR                                ,ESTACION DE SERVICIO,NOMINA DE PLANTA,SOLTERO,8,32,ACTIVO,08 Ańos 10 Meses 10 Dias ,COSTA     ,390.71,,
UCG S.A.,112,NOMBRES COMPLETOS 112,23/07/2008,1120000010,MASCULINO,11/04/1974,ESMERALDAS,PROMOTOR                                ,ESTACION DE SERVICIO,NOMINA DE PLANTA,SOLTERO,4,44,ACTIVO,04 Ańos 06 Meses 02 Dias ,COSTA     ,322.45,,
UCG S.A.,113,NOMBRES COMPLETOS 113,23/01/2009,1130000006,FEMENINO,30/07/1987,ESMERALDAS,PROMOTOR                                ,ESTACION DE SERVICIO,NOMINA DE PLANTA,SOLTERO,1,31,ACTIVO,01 Ańos 10 Meses 22 Dias ,COSTA     ,240,,
UCG S.A.,114,NOMBRES COMPLETOS 114,23/05/2009,1140000009,FEMENINO,24/01/1985,ESMERALDAS,PROMOTOR                                ,ESTACION DE SERVICIO,NOMINA DE PLANTA,SOLTERO,8,33,ACTIVO,08 Ańos 11 Meses 18 Dias ,COSTA     ,390.71,,
UCG S.A.,115,NOMBRES COMPLETOS 115,23/01/2008,1150000088,FEMENINO,12/12/1980,ESMERALDAS,PROMOTOR                                ,ESTACION DE SERVICIO,NOMINA DE PLANTA,SOLTERO,2,38,ACTIVO,02 Ańos 09 Meses 19 Dias ,COSTA     ,240,,
UCG S.A.,116,NOMBRES COMPLETOS 116,23/10/2007,1160000027,FEMENINO,12/12/1980,ESMERALDAS,SOPORTE OPERATIVO DE TIENDAS,ESTACION DE SERVICIO,NOMINA DE PLANTA,SOLTERO,8,38,ACTIVO,08 Ańos 11 Meses 18 Dias ,COSTA     ,461,,
UCG S.A.,117,NOMBRES COMPLETOS 117,23/01/2010,1170000072,MASCULINO,19/12/1974,ESMERALDAS,PROMOTOR                                ,ESTACION DE SERVICIO,NOMINA DE PLANTA,SOLTERO,8,44,ACTIVO,08 Ańos 11 Meses 18 Dias ,COSTA     ,390.71,,
UCG S.A.,118,NOMBRES COMPLETOS 118,19/02/2007,1180000023,MASCULINO,03/03/1987,QUITO,PROMOTOR                                ,ESTACION DE SERVICIO,NOMINA DE PLANTA,SOLTERO,0,31,ACTIVO,00 Ańos 01 Meses 12 Dias ,SIERRA    ,222.87,,
UCG S.A.,119,NOMBRES COMPLETOS 119,19/06/2008,1190000070,FEMENINO,13/09/1983,QUITO,PROMOTOR                                ,ESTACION DE SERVICIO,NOMINA DE PLANTA,SOLTERO,1,35,ACTIVO,01 Ańos 05 Meses 17 Dias ,SIERRA    ,240,,
UCG S.A.,120,NOMBRES COMPLETOS 120,19/05/2007,1200000065,FEMENINO,21/07/1983,QUITO,PROMOTOR                                ,ESTACION DE SERVICIO,NOMINA DE PLANTA,SOLTERO,3,35,ACTIVO,03 Ańos 04 Meses 11 Dias ,SIERRA    ,260,,
UCG S.A.,121,NOMBRES COMPLETOS 121,19/06/2007,1210000000,FEMENINO,29/04/1988,QUITO,PROMOTOR                                ,ESTACION DE SERVICIO,NOMINA DE PLANTA,SOLTERO,1,30,ACTIVO,01 Ańos 04 Meses 17 Dias ,SIERRA    ,240,,
UCG S.A.,122,NOMBRES COMPLETOS 122,19/02/2009,1220000027,MASCULINO,30/03/1980,QUITO,CAPACITADOR                             ,ESTACION DE SERVICIO,NOMINA DE PLANTA,SOLTERO,8,38,ACTIVO,08 Ańos 11 Meses 22 Dias ,SIERRA    ,543,,
UCG S.A.,123,NOMBRES COMPLETOS 123,19/08/2010,1230000046,FEMENINO,27/12/1980,QUITO,ADMINISTRADOR,ESTACION DE SERVICIO,NOMINA DE PLANTA,SOLTERO,3,38,ACTIVO,03 Ańos 01 Meses 22 Dias ,SIERRA    ,650,,
UCG S.A.,124,NOMBRES COMPLETOS 124,19/05/2010,1240000030,FEMENINO,28/04/1985,QUITO,PROMOTOR                                ,ESTACION DE SERVICIO,NOMINA DE PLANTA,SOLTERO,0,33,ACTIVO,00 Ańos 05 Meses 00 Dias ,SIERRA    ,222.87,,
UCG S.A.,125,NOMBRES COMPLETOS 125,19/02/2007,1250000084,FEMENINO,02/04/1988,QUITO,PROMOTOR                                ,ESTACION DE SERVICIO,NOMINA DE PLANTA,SOLTERO,2,30,ACTIVO,02 Ańos 02 Meses 01 Dias ,SIERRA    ,240,,
UCG S.A.,126,NOMBRES COMPLETOS 126,19/01/2008,1260000087,FEMENINO,20/06/1986,QUITO,SOPORTE OPERATIVO DE TIENDAS,ESTACION DE SERVICIO,NOMINA DE PLANTA,SOLTERO,8,32,ACTIVO,08 Ańos 11 Meses 22 Dias ,SIERRA    ,461,,
UCG S.A.,127,NOMBRES COMPLETOS 127,19/02/2008,1270000039,MASCULINO,20/02/1985,QUITO,ADMINISTRADOR,ESTACION DE SERVICIO,NOMINA DE PLANTA,SOLTERO,1,33,ACTIVO,01 Ańos 08 Meses 27 Dias ,SIERRA    ,600,,
UCG S.A.,128,NOMBRES COMPLETOS 128,19/08/2008,1280000080,MASCULINO,10/07/1990,QUITO,PROMOTOR                                ,ESTACION DE SERVICIO,NOMINA DE PLANTA,SOLTERO,0,28,ACTIVO,00 Ańos 02 Meses 17 Dias ,SIERRA    ,222.87,,
UCG S.A.,129,NOMBRES COMPLETOS 129,19/09/2007,1290000009,FEMENINO,10/05/1972,QUITO,PROMOTOR                                ,ESTACION DE SERVICIO,NOMINA DE PLANTA,SOLTERO,1,46,ACTIVO,01 Ańos 04 Meses 12 Dias ,SIERRA    ,240,,
UCG S.A.,130,NOMBRES COMPLETOS 130,19/05/2010,1300000017,FEMENINO,16/07/1987,QUITO,PROMOTOR                                ,ESTACION DE SERVICIO,NOMINA DE PLANTA,SOLTERO,0,31,ACTIVO,00 Ańos 02 Meses 03 Dias ,SIERRA    ,222.87,,
UCG S.A.,131,NOMBRES COMPLETOS 131,19/04/2010,1310000069,FEMENINO,01/01/1970,QUITO,PROMOTOR                                ,ESTACION DE SERVICIO,NOMINA DE PLANTA,SOLTERO,0,48,ACTIVO,00 Ańos 10 Meses 27 Dias ,SIERRA    ,240,,
UCG S.A.,132,NOMBRES COMPLETOS 132,19/12/2008,1320000072,MASCULINO,01/01/1970,QUITO,PROMOTOR                                ,ESTACION DE SERVICIO,NOMINA DE PLANTA,SOLTERO,6,48,ACTIVO,06 Ańos 11 Meses 06 Dias ,SIERRA    ,371.02,,
UCG S.A.,133,NOMBRES COMPLETOS 133,19/03/2008,1330000099,MASCULINO,25/12/1984,QUITO,PROMOTOR                                ,ESTACION DE SERVICIO,NOMINA DE PLANTA,SOLTERO,8,34,ACTIVO,08 Ańos 11 Meses 22 Dias ,SIERRA    ,390.71,,
UCG S.A.,134,NOMBRES COMPLETOS 134,19/06/2008,1340000018,MASCULINO,01/01/1970,QUITO,PROMOTOR                                ,ESTACION DE SERVICIO,NOMINA DE PLANTA,SOLTERO,1,48,ACTIVO,01 Ańos 02 Meses 23 Dias ,SIERRA    ,240,,
UCG S.A.,135,NOMBRES COMPLETOS 135,19/01/2009,1350000057,FEMENINO,22/10/1982,QUITO,PROMOTOR                                ,ESTACION DE SERVICIO,NOMINA DE PLANTA,SOLTERO,3,36,ACTIVO,03 Ańos 03 Meses 15 Dias ,SIERRA    ,240,,
UCG S.A.,136,NOMBRES COMPLETOS 136,19/07/2009,1360000054,MASCULINO,01/01/1970,QUITO,ADMINISTRADOR,ESTACION DE SERVICIO,NOMINA DE PLANTA,SOLTERO,3,48,ACTIVO,03 Ańos 02 Meses 11 Dias ,SIERRA    ,600,,
UCG S.A.,137,NOMBRES COMPLETOS 137,19/08/2008,1370000078,FEMENINO,09/08/1985,QUITO,PROMOTOR                                ,ESTACION DE SERVICIO,NOMINA DE PLANTA,SOLTERO,8,33,ACTIVO,08 Ańos 11 Meses 22 Dias ,SIERRA    ,396.49,,
UCG S.A.,138,NOMBRES COMPLETOS 138,19/09/2010,1380000002,FEMENINO,01/01/1970,QUITO,PROMOTOR                                ,ESTACION DE SERVICIO,NOMINA DE PLANTA,SOLTERO,6,48,ACTIVO,06 Ańos 10 Meses 18 Dias ,SIERRA    ,318,,
UCG S.A.,139,NOMBRES COMPLETOS 139,19/05/2008,1390000033,FEMENINO,29/09/1981,QUITO,ADMINISTRADOR,ESTACION DE SERVICIO,NOMINA DE PLANTA,SOLTERO,5,37,ACTIVO,05 Ańos 07 Meses 04 Dias ,SIERRA    ,460,,
UCG S.A.,140,NOMBRES COMPLETOS 140,19/04/2007,1400000009,MASCULINO,01/01/1970,QUITO,PROMOTOR                                ,ESTACION DE SERVICIO,NOMINA DE PLANTA,SOLTERO,0,48,ACTIVO,00 Ańos 04 Meses 05 Dias ,SIERRA    ,222.87,,
UCG S.A.,141,NOMBRES COMPLETOS 141,19/06/2008,1410000084,FEMENINO,29/11/1988,QUITO,PROMOTOR                                ,ESTACION DE SERVICIO,NOMINA DE PLANTA,SOLTERO,2,30,ACTIVO,02 Ańos 11 Meses 26 Dias ,SIERRA    ,260,,
UCG S.A.,142,NOMBRES COMPLETOS 142,19/06/2007,1420000083,FEMENINO,22/07/1975,GUAYAQUIL,ADMINISTRADOR,ESTACION DE SERVICIO,NOMINA DE PLANTA,SOLTERO,8,43,ACTIVO,08 Ańos 11 Meses 22 Dias ,COSTA     ,786,,
UCG S.A.,143,NOMBRES COMPLETOS 143,19/03/2008,1430000084,MASCULINO,01/01/1970,QUITO,PROMOTOR                                ,ESTACION DE SERVICIO,NOMINA DE PLANTA,SOLTERO,0,48,ACTIVO,00 Ańos 05 Meses 25 Dias ,SIERRA    ,222.87,,
UCG S.A.,144,NOMBRES COMPLETOS 144,19/04/2008,1440000098,MASCULINO,01/01/1970,QUITO,PROMOTOR                                ,ESTACION DE SERVICIO,NOMINA DE PLANTA,SOLTERO,0,48,ACTIVO,00 Ańos 00 Meses 16 Dias ,SIERRA    ,222.87,,
UCG S.A.,145,NOMBRES COMPLETOS 145,19/08/2009,1450000074,FEMENINO,02/02/1984,QUITO,PROMOTOR                                ,ESTACION DE SERVICIO,NOMINA DE PLANTA,SOLTERO,4,34,ACTIVO,04 Ańos 02 Meses 21 Dias ,SIERRA    ,260,,
UCG S.A.,146,NOMBRES COMPLETOS 146,19/03/2007,1460000075,FEMENINO,08/01/1985,QUITO,PROMOTOR                                ,ESTACION DE SERVICIO,NOMINA DE PLANTA,SOLTERO,6,33,ACTIVO,06 Ańos 03 Meses 09 Dias ,SIERRA    ,358.85,,
UCG S.A.,147,NOMBRES COMPLETOS 147,19/09/2007,1470000078,MASCULINO,01/01/1970,QUITO,ADMINISTRADOR,ESTACION DE SERVICIO,NOMINA DE PLANTA,SOLTERO,0,48,ACTIVO,00 Ańos 07 Meses 12 Dias ,SIERRA    ,550,,
UCG S.A.,148,NOMBRES COMPLETOS 148,19/07/2010,1480000023,MASCULINO,23/03/1966,QUITO,PROMOTOR                                ,ESTACION DE SERVICIO,NOMINA DE PLANTA,SOLTERO,2,52,ACTIVO,02 Ańos 03 Meses 00 Dias ,SIERRA    ,240,,
UCG S.A.,149,NOMBRES COMPLETOS 149,19/04/2010,1490000001,MASCULINO,26/03/1986,QUITO,PROMOTOR                                ,ESTACION DE SERVICIO,NOMINA DE PLANTA,SOLTERO,0,32,ACTIVO,00 Ańos 06 Meses 12 Dias ,COSTA     ,260,,
UCG S.A.,150,NOMBRES COMPLETOS 150,19/01/2008,1500000012,MASCULINO,20/08/1971,QUITO,PROMOTOR                                ,ESTACION DE SERVICIO,NOMINA DE PLANTA,SOLTERO,1,47,ACTIVO,01 Ańos 02 Meses 28 Dias ,SIERRA    ,240,,
UCG S.A.,151,NOMBRES COMPLETOS 151,19/05/2010,1510000033,MASCULINO,18/06/1987,QUITO,ADMINISTRADOR,ESTACION DE SERVICIO,NOMINA DE PLANTA,SOLTERO,1,31,ACTIVO,01 Ańos 10 Meses 27 Dias ,SIERRA    ,600,,
UCG S.A.,152,NOMBRES COMPLETOS 152,19/12/2009,1520000060,MASCULINO,11/08/1967,QUITO,PROMOTOR                                ,ESTACION DE SERVICIO,NOMINA DE PLANTA,SOLTERO,1,51,ACTIVO,01 Ańos 03 Meses 05 Dias ,SIERRA    ,240,,
UCG S.A.,153,NOMBRES COMPLETOS 153,19/08/2008,1530000014,FEMENINO,12/09/1990,QUITO,PROMOTOR                                ,ESTACION DE SERVICIO,NOMINA DE PLANTA,SOLTERO,1,28,ACTIVO,01 Ańos 06 Meses 03 Dias ,SIERRA    ,260,,
UCG S.A.,154,NOMBRES COMPLETOS 154,01/06/2008,1540000006,FEMENINO,01/01/1970,GUAYAQUIL,PROMOTOR                                ,ESTACION DE SERVICIO,NOMINA DE PLANTA,SOLTERO,1,48,ACTIVO,01 Ańos 02 Meses 09 Dias ,COSTA     ,222.87,,
UCG S.A.,155,NOMBRES COMPLETOS 155,01/12/2007,1550000000,FEMENINO,01/01/1984,GUAYAQUIL,PROMOTOR                                ,ESTACION DE SERVICIO,NOMINA DE PLANTA,SOLTERO,4,34,ACTIVO,04 Ańos 09 Meses 25 Dias ,COSTA     ,240,,
UCG S.A.,156,NOMBRES COMPLETOS 156,01/11/2008,1560000079,FEMENINO,01/01/1970,GUAYAQUIL,PROMOTOR                                ,ESTACION DE SERVICIO,NOMINA DE PLANTA,SOLTERO,1,48,ACTIVO,01 Ańos 00 Meses 00 Dias ,COSTA     ,240,,
UCG S.A.,157,NOMBRES COMPLETOS 157,01/05/2007,1570000080,MASCULINO,22/05/1987,GUAYAQUIL,PROMOTOR                                ,ESTACION DE SERVICIO,NOMINA DE PLANTA,SOLTERO,1,31,ACTIVO,01 Ańos 05 Meses 04 Dias ,COSTA     ,240,,
UCG S.A.,158,NOMBRES COMPLETOS 158,01/03/2009,1580000094,MASCULINO,01/01/1970,GUAYAQUIL,PROMOTOR                                ,ESTACION DE SERVICIO,NOMINA DE PLANTA,SOLTERO,0,48,ACTIVO,00 Ańos 00 Meses 11 Dias ,COSTA     ,222.87,,
UCG S.A.,159,NOMBRES COMPLETOS 159,01/02/2008,1590000068,FEMENINO,11/07/1972,GUAYAQUIL,PROMOTOR                                ,ESTACION DE SERVICIO,NOMINA DE PLANTA,SOLTERO,9,46,ACTIVO,09 Ańos 11 Meses 08 Dias ,COSTA     ,390.71,,
UCG S.A.,160,NOMBRES COMPLETOS 160,01/08/2008,1600000063,MASCULINO,26/01/1983,GUAYAQUIL,PROMOTOR                                ,ESTACION DE SERVICIO,NOMINA DE PLANTA,SOLTERO,3,35,ACTIVO,03 Ańos 04 Meses 17 Dias ,COSTA     ,260,,
UCG S.A.,161,NOMBRES COMPLETOS 161,01/12/2009,1610000053,FEMENINO,01/01/1970,GUAYAQUIL,PROMOTOR                                ,ESTACION DE SERVICIO,NOMINA DE PLANTA,SOLTERO,0,48,ACTIVO,00 Ańos 01 Meses 02 Dias ,SIERRA    ,222.87,,
UCG S.A.,162,NOMBRES COMPLETOS 162,01/09/2008,1620000018,MASCULINO,01/01/1970,GUAYAQUIL,PROMOTOR                                ,ESTACION DE SERVICIO,NOMINA DE PLANTA,SOLTERO,0,48,ACTIVO,00 Ańos 04 Meses 25 Dias ,SIERRA    ,222.87,,
UCG S.A.,163,NOMBRES COMPLETOS 163,01/10/2010,1630000060,FEMENINO,24/10/1985,GUAYAQUIL,PROMOTOR                                ,ESTACION DE SERVICIO,NOMINA DE PLANTA,SOLTERO,4,33,ACTIVO,04 Ańos 00 Meses 03 Dias ,COSTA     ,240,,
UCG S.A.,164,NOMBRES COMPLETOS 164,01/07/2010,1640000007,MASCULINO,26/08/1985,GUAYAQUIL,PROMOTOR                                ,ESTACION DE SERVICIO,NOMINA DE PLANTA,SOLTERO,0,33,ACTIVO,00 Ańos 01 Meses 05 Dias ,SIERRA    ,222.87,,
UCG S.A.,165,NOMBRES COMPLETOS 165,01/08/2008,1650000085,MASCULINO,01/01/1970,GUAYAQUIL,PROMOTOR                                ,ESTACION DE SERVICIO,NOMINA DE PLANTA,SOLTERO,0,48,ACTIVO,00 Ańos 02 Meses 02 Dias ,SIERRA    ,222.87,,
UCG S.A.,166,NOMBRES COMPLETOS 166,01/10/2007,1660000044,MASCULINO,01/01/1970,GUAYAQUIL,PROMOTOR                                ,ESTACION DE SERVICIO,NOMINA DE PLANTA,SOLTERO,0,48,ACTIVO,00 Ańos 07 Meses 13 Dias ,SIERRA    ,240,,
UCG S.A.,167,NOMBRES COMPLETOS 167,01/12/2010,1670000003,FEMENINO,15/06/1987,GUAYAQUIL,PROMOTOR                                ,ESTACION DE SERVICIO,NOMINA DE PLANTA,SOLTERO,3,31,ACTIVO,03 Ańos 05 Meses 10 Dias ,COSTA     ,240,,
UCG S.A.,168,NOMBRES COMPLETOS 168,01/04/2008,1680000085,MASCULINO,01/01/1970,GUAYAQUIL,PROMOTOR                                ,ESTACION DE SERVICIO,NOMINA DE PLANTA,SOLTERO,8,48,ACTIVO,08 Ańos 02 Meses 20 Dias ,COSTA     ,358.85,,
UCG S.A.,169,NOMBRES COMPLETOS 169,01/11/2010,1690000027,MASCULINO,20/04/1981,GUAYAQUIL,PROMOTOR                                ,ESTACION DE SERVICIO,NOMINA DE PLANTA,SOLTERO,5,37,ACTIVO,05 Ańos 02 Meses 18 Dias ,COSTA     ,260,,
UCG S.A.,170,NOMBRES COMPLETOS 170,01/06/2009,1700000065,MASCULINO,02/05/1986,GUAYAQUIL,PROMOTOR                                ,ESTACION DE SERVICIO,NOMINA DE PLANTA,SOLTERO,3,32,ACTIVO,03 Ańos 04 Meses 06 Dias ,COSTA     ,260,,
UCG S.A.,171,NOMBRES COMPLETOS 171,01/02/2007,1710000046,MASCULINO,02/04/1985,GUAYAQUIL,PROMOTOR                                ,ESTACION DE SERVICIO,NOMINA DE PLANTA,SOLTERO,2,33,ACTIVO,02 Ańos 10 Meses 19 Dias ,COSTA     ,260,,
UCG S.A.,172,NOMBRES COMPLETOS 172,01/09/2010,1720000046,MASCULINO,01/01/1970,GUAYAQUIL,PROMOTOR                                ,ESTACION DE SERVICIO,NOMINA DE PLANTA,SOLTERO,3,48,ACTIVO,03 Ańos 10 Meses 00 Dias ,COSTA     ,240,,
UCG S.A.,173,NOMBRES COMPLETOS 173,01/10/2008,1730000026,MASCULINO,20/07/1988,GUAYAQUIL,PROMOTOR                                ,ESTACION DE SERVICIO,NOMINA DE PLANTA,SOLTERO,4,30,ACTIVO,04 Ańos 00 Meses 09 Dias ,COSTA     ,240,,
UCG S.A.,174,NOMBRES COMPLETOS 174,01/05/2008,1740000064,FEMENINO,16/09/1976,GUAYAQUIL,PROMOTOR                                ,ESTACION DE SERVICIO,NOMINA DE PLANTA,SOLTERO,3,42,ACTIVO,03 Ańos 02 Meses 00 Dias ,COSTA     ,240,,
UCG S.A.,175,NOMBRES COMPLETOS 175,01/11/2008,1750000004,FEMENINO,04/07/1976,GUAYAQUIL,PROMOTOR                                ,ESTACION DE SERVICIO,NOMINA DE PLANTA,SOLTERO,4,42,ACTIVO,04 Ańos 08 Meses 22 Dias ,COSTA     ,240,,
UCG S.A.,176,NOMBRES COMPLETOS 176,01/09/2009,1760000027,MASCULINO,02/04/1984,GUAYAQUIL,PROMOTOR                                ,ESTACION DE SERVICIO,NOMINA DE PLANTA,SOLTERO,2,34,ACTIVO,02 Ańos 02 Meses 21 Dias ,COSTA     ,222.87,,
UCG S.A.,177,NOMBRES COMPLETOS 177,01/04/2008,1770000002,FEMENINO,20/11/1974,GUAYAQUIL,PROMOTOR                                ,ESTACION DE SERVICIO,NOMINA DE PLANTA,SOLTERO,7,44,ACTIVO,07 Ańos 00 Meses 22 Dias ,COSTA     ,344.42,,
UCG S.A.,178,NOMBRES COMPLETOS 178,01/08/2009,1780000068,FEMENINO,24/02/1981,GUAYAQUIL,PROMOTOR                                ,ESTACION DE SERVICIO,NOMINA DE PLANTA,SOLTERO,5,37,ACTIVO,05 Ańos 04 Meses 26 Dias ,COSTA     ,240,,
UCG S.A.,179,NOMBRES COMPLETOS 179,01/04/2009,1790000067,FEMENINO,15/01/1987,GUAYAQUIL,PROMOTOR                                ,ESTACION DE SERVICIO,NOMINA DE PLANTA,SOLTERO,2,31,ACTIVO,02 Ańos 10 Meses 23 Dias ,COSTA     ,240,,
UCG S.A.,180,NOMBRES COMPLETOS 180,01/07/2010,1800000073,MASCULINO,01/01/1970,GUAYAQUIL,PROMOTOR                                ,ESTACION DE SERVICIO,NOMINA DE PLANTA,SOLTERO,0,48,ACTIVO,00 Ańos 08 Meses 25 Dias ,COSTA     ,222.87,,
UCG S.A.,181,NOMBRES COMPLETOS 181,01/09/2010,1810000057,FEMENINO,16/11/1988,GUAYAQUIL,SOPORTE OPERATIVO DE TIENDAS,ESTACION DE SERVICIO,NOMINA DE PLANTA,SOLTERO,9,30,ACTIVO,09 Ańos 07 Meses 22 Dias ,COSTA     ,461,,
UCG S.A.,182,NOMBRES COMPLETOS 182,01/06/2010,1820000033,MASCULINO,03/08/1986,GUAYAQUIL,PROMOTOR                                ,ESTACION DE SERVICIO,NOMINA DE PLANTA,SOLTERO,6,32,ACTIVO,06 Ańos 08 Meses 25 Dias ,COSTA     ,318,,
UCG S.A.,183,NOMBRES COMPLETOS 183,01/04/2009,1830000086,MASCULINO,07/02/1987,GUAYAQUIL,PROMOTOR                                ,ESTACION DE SERVICIO,NOMINA DE PLANTA,SOLTERO,3,31,ACTIVO,03 Ańos 10 Meses 28 Dias ,COSTA     ,240,,
UCG S.A.,184,NOMBRES COMPLETOS 184,01/01/2007,1840000033,MASCULINO,07/05/1976,GUAYAQUIL,PROMOTOR                                ,ESTACION DE SERVICIO,NOMINA DE PLANTA,SOLTERO,3,42,ACTIVO,03 Ańos 10 Meses 20 Dias ,COSTA     ,260,,
UCG S.A.,185,NOMBRES COMPLETOS 185,01/06/2009,1850000006,MASCULINO,25/05/1970,GUAYAQUIL,PROMOTOR                                ,ESTACION DE SERVICIO,NOMINA DE PLANTA,SOLTERO,2,48,ACTIVO,02 Ańos 00 Meses 13 Dias ,COSTA     ,240,,
UCG S.A.,186,NOMBRES COMPLETOS 186,01/11/2010,1860000072,FEMENINO,12/09/1984,GUAYAQUIL,PROMOTOR                                ,ESTACION DE SERVICIO,NOMINA DE PLANTA,SOLTERO,6,34,ACTIVO,06 Ańos 01 Meses 27 Dias ,COSTA     ,240,,
UCG S.A.,187,NOMBRES COMPLETOS 187,01/06/2010,1870000041,FEMENINO,05/02/1981,GUAYAQUIL,PROMOTOR                                ,ESTACION DE SERVICIO,NOMINA DE PLANTA,SOLTERO,11,37,ACTIVO,11 Ańos 02 Meses 25 Dias ,COSTA     ,390.71,,
UCG S.A.,188,NOMBRES COMPLETOS 188,01/05/2007,1880000025,MASCULINO,24/09/1980,GUAYAQUIL,PROMOTOR                                ,ESTACION DE SERVICIO,NOMINA DE PLANTA,SOLTERO,2,38,ACTIVO,02 Ańos 05 Meses 23 Dias ,COSTA     ,240,,
UCG S.A.,189,NOMBRES COMPLETOS 189,01/10/2007,1890000031,MASCULINO,13/09/1982,GUAYAQUIL,PROMOTOR                                ,ESTACION DE SERVICIO,NOMINA DE PLANTA,SOLTERO,3,36,ACTIVO,03 Ańos 07 Meses 20 Dias ,COSTA     ,260,,
UCG S.A.,190,NOMBRES COMPLETOS 190,01/12/2008,1900000031,MASCULINO,19/12/1974,GUAYAQUIL,PROMOTOR                                ,ESTACION DE SERVICIO,NOMINA DE PLANTA,SOLTERO,7,44,ACTIVO,07 Ańos 06 Meses 16 Dias ,COSTA     ,349.52,,
UCG S.A.,191,NOMBRES COMPLETOS 191,01/12/2007,1910000072,FEMENINO,15/03/1983,GUAYAQUIL,PROMOTOR                                ,ESTACION DE SERVICIO,NOMINA DE PLANTA,SOLTERO,3,35,ACTIVO,03 Ańos 00 Meses 22 Dias ,COSTA     ,240,,
UCG S.A.,192,NOMBRES COMPLETOS 192,01/12/2010,1920000003,MASCULINO,01/01/1970,GUAYAQUIL,PROMOTOR                                ,ESTACION DE SERVICIO,NOMINA DE PLANTA,SOLTERO,1,48,ACTIVO,01 Ańos 06 Meses 09 Dias ,COSTA     ,240,,
UCG S.A.,193,NOMBRES COMPLETOS 193,01/04/2007,1930000033,MASCULINO,01/01/1970,GUAYAQUIL,PROMOTOR                                ,ESTACION DE SERVICIO,NOMINA DE PLANTA,SOLTERO,2,48,ACTIVO,02 Ańos 02 Meses 25 Dias ,COSTA     ,222.87,,
UCG S.A.,194,NOMBRES COMPLETOS 194,01/04/2008,1940000030,MASCULINO,14/06/1978,GUAYAQUIL,PROMOTOR                                ,ESTACION DE SERVICIO,NOMINA DE PLANTA,SOLTERO,3,40,ACTIVO,03 Ańos 04 Meses 09 Dias ,COSTA     ,240,,
UCG S.A.,195,NOMBRES COMPLETOS 195,01/09/2009,1950000093,MASCULINO,12/09/1983,GUAYAQUIL,PROMOTOR                                ,ESTACION DE SERVICIO,NOMINA DE PLANTA,SOLTERO,6,35,ACTIVO,06 Ańos 11 Meses 19 Dias ,COSTA     ,344.42,,
UCG S.A.,196,NOMBRES COMPLETOS 196,01/07/2007,1960000051,FEMENINO,01/01/1970,GUAYAQUIL,PROMOTOR                                ,ESTACION DE SERVICIO,NOMINA DE PLANTA,SOLTERO,0,48,ACTIVO,00 Ańos 04 Meses 13 Dias ,COSTA     ,222.87,,
UCG S.A.,197,NOMBRES COMPLETOS 197,01/11/2008,1970000017,MASCULINO,29/11/1981,GUAYAQUIL,SOPORTE OPERATIVO DE TIENDAS,ESTACION DE SERVICIO,NOMINA DE PLANTA,SOLTERO,3,37,BAJA,03 Ańos 07 Meses 12 Dias ,COSTA     ,320,30/04/2009,Renuncia voluntaria
UCG S.A.,198,NOMBRES COMPLETOS 198,01/03/2009,1980000084,MASCULINO,07/08/1979,GUAYAQUIL,PROMOTOR                                ,ESTACION DE SERVICIO,NOMINA DE PLANTA,SOLTERO,2,39,ACTIVO,02 Ańos 09 Meses 12 Dias ,COSTA     ,240,,
UCG S.A.,199,NOMBRES COMPLETOS 199,01/10/2009,1990000092,MASCULINO,01/01/1970,GUAYAQUIL,PROMOTOR                                ,ESTACION DE SERVICIO,NOMINA DE PLANTA,SOLTERO,2,48,ACTIVO,02 Ańos 03 Meses 18 Dias ,COSTA     ,222.87,,
UCG S.A.,200,NOMBRES COMPLETOS 200,01/01/2010,2000000040,FEMENINO,16/05/1988,GUAYAQUIL,PROMOTOR                                ,ESTACION DE SERVICIO,NOMINA DE PLANTA,SOLTERO,5,30,ACTIVO,05 Ańos 02 Meses 21 Dias ,COSTA     ,260,,
